{
  "authors": [
    {
      "flags": {},
      "name": "Beer Buddy (BeerBuddy#0901 discord)"
    },
    {
      "flags": {},
      "name": "SteveC (SteveCulshaw#8596 discord)"
    }
  ],
  "changelog": "https://raw.githubusercontent.com/steveculshaw/cycle-token-stack/master/changelog.md",
  "compatibility": {
    "minimum": "0.6.3",
    "verified": "10.291"
  },
  "description": "Cycles through a stack of tokens using repeated left-clicks or hotkeys.",
  "download": "https://raw.githubusercontent.com/steveculshaw/cycle-token-stack/master/cycle-token-stack.zip",
  "id": "cycle-token-stack",
  "languages": [
    {
      "flags": {},
      "lang": "en",
      "name": "English",
      "path": "lang/en.json"
    }
  ],
  "manifest": "https://raw.githubusercontent.com/steveculshaw/cycle-token-stack/master/module.json",
  "readme": "https://raw.githubusercontent.com/steveculshaw/cycle-token-stack/master/README.md",
  "scripts": [
    "init.js",
    "cycle-token-stack.js"
  ],
  "styles": [
    "styles.css"
  ],
  "title": "Cycle Token Stack",
  "url": "https://github.com/steveculshaw/cycle-token-stack",
  "version": "0.6.1"
}